zipCode,disasterNumber,totalDamage
33160,1460,0.0
33055,1460,431.4
33056,1460,946.08
33133,1460,0.0
33133,1460,391.52
33150,1460,0.0
33034,1460,14280.66
33170,1460,48.92
33010,1460,0.0
33012,1460,952.2
33013,1460,0.0
33015,1460,1143.2
33030,1460,12380.42
33032,1460,19847.86
33033,1460,15907.82
33034,1460,7964.41
33033,1460,621.39
33054,1460,4508.26
33055,1460,0.0
33125,1460,2966.99
33127,1460,95414.39
33133,1460,2187.04
33135,1460,0.0
33136,1460,7028.18
33137,1460,8358.87
33138,1460,1422.8
33142,1460,1067385.21
33144,1460,0.0
33147,1460,162740.78
33148,1460,0.0
33150,1460,53032.93
33157,1460,3672.94
33161,1460,3038.01
33162,1460,3267.16
33166,1460,1663.72
33167,1460,19670.32
33168,1460,7191.4
33169,1460,17177.6
33170,1460,16060.79
33172,1460,0.0
33173,1460,2206.63
33176,1460,3520.65
33177,1460,3546.61
33179,1460,16055.3
33181,1460,0.0
33186,1460,0.0
33187,1460,0.0
33189,1460,0.0
33190,1460,1442.74
33193,1460,0.0
33150,1460,1586.28
33166,1460,2190.52
33032,1460,477.2
33141,1460,0.0
33161,1460,872.49
33167,1460,251.98
33168,1460,5201.63
33181,1460,0.0
33162,1460,2043.24
33054,1460,136900.87
33055,1460,28549.79
33056,1460,61179.36
33032,1460,1342.81
33143,1460,79.08
33160,1545,4166.74
33180,1545,904.96
33154,1545,0.0
33154,1545,3187.18
33161,1545,14445.82
33435,1545,1372.65
33055,1545,16607.58
33056,1545,16328.46
33133,1545,76661.96
33133,1545,453.06
33134,1545,7222.23
33146,1545,0.0
33138,1545,6609.84
33150,1545,22080.76
33034,1545,33765.33
33311,1545,0.0
33170,1545,11410.19
33010,1545,34594.31
33012,1545,64868.4
33013,1545,16946.0
33014,1545,8266.95
33015,1545,33015.54
33016,1545,6383.08
33018,1545,65551.41
33054,1545,187.58
33018,1545,16655.39
33030,1545,99095.88
33031,1545,8456.25
33032,1545,105283.0
33033,1545,38319.09
33034,1545,16492.8
33035,1545,0.0
33149,1545,3635.87
33815,1545,3384.2
33032,1545,949.8
33150,1545,916.38
33166,1545,37374.22
33178,1545,0.0
33055,1545,403.89
33056,1545,6745.1
33107,1545,5327.52
33111,1545,0.0
33125,1545,133551.58
33126,1545,11298.14
33127,1545,217116.31
33128,1545,0.0
33129,1545,9301.71
33130,1545,1433.73
33131,1545,5324.49
33133,1545,129766.71
33134,1545,1185.49
33135,1545,24219.96
33136,1545,51154.21
33137,1545,47099.51
33138,1545,143619.52
33142,1545,513908.35
33143,1545,12894.79
33144,1545,11236.42
33145,1545,37938.12
33146,1545,45256.34
33147,1545,698065.62
33149,1545,16406.0
33150,1545,414635.51
33155,1545,41932.03
33156,1545,852.87
33157,1545,74608.55
33161,1545,163920.25
33162,1545,115563.44
33165,1545,29250.28
33166,1545,4577.21
33167,1545,136544.68
33168,1545,208054.1
33169,1545,270520.16
33170,1545,43118.06
33172,1545,59692.22
33173,1545,12214.87
33174,1545,60832.14
33175,1545,45345.14
33176,1545,65367.39
33177,1545,44986.17
33178,1545,1270.09
33179,1545,121718.82
33180,1545,13452.85
33181,1545,13895.65
33182,1545,3815.8
33183,1545,12268.55
33184,1545,55910.84
33185,1545,1275.0
33186,1545,10128.23
33187,1545,43609.95
33189,1545,16372.39
33190,1545,3022.31
33193,1545,54878.16
33196,1545,22959.85
33234,1545,6308.09
33280,1545,0.0
33142,1545,267.78
33109,1545,0.0
33139,1545,22268.54
33140,1545,7359.83
33141,1545,15509.93
33154,1545,0.0
33056,1545,1205.45
33055,1545,581.6
33014,1545,73.33
33016,1545,6137.03
33138,1545,11776.39
33150,1545,6357.79
33161,1545,0.0
33168,1545,5230.95
33166,1545,7211.99
33023,1545,116.85
33032,1545,7768.2
33161,1545,2550.0
33162,1545,20234.57
33179,1545,850.24
33181,1545,3564.86
33179,1545,1197.63
33141,1545,122349.92
33161,1545,128003.53
33167,1545,35031.86
33168,1545,95931.11
33181,1545,31774.7
33160,1545,4507.89
33162,1545,122002.91
33169,1545,0.0
33179,1545,13153.98
33181,1545,3685.75
33141,1545,80471.87
33054,1545,208630.27
33055,1545,193971.65
33056,1545,269773.96
32765,1545,1117.94
34990,1545,0.0
33157,1545,1741.5
33032,1545,7677.04
33143,1545,37500.0
33160,1545,377.2
33154,1545,0.0
33157,1545,148.2
33158,1545,1275.0
33166,1545,0.0
33166,1545,0.0
33144,1545,18129.71
33412,1545,11269.98
33189,1609,1540.26
33160,1609,48031.37
33180,1609,206680.87
33154,1609,9007.92
33154,1609,2696.74
33154,1609,920.88
33154,1609,63049.76
33154,1609,2380.33
33043,1609,0.0
33161,1609,278584.73
34135,1609,376.28
33914,1609,740.94
33056,1609,413.0
33055,1609,432506.01
33056,1609,131554.97
33021,1609,0.0
33440,1609,10857.64
33073,1609,0.0
33133,1609,122404.97
33146,1609,0.0
33134,1609,835.97
33133,1609,52699.94
33134,1609,941447.98
33143,1609,49132.47
33145,1609,0.0
33146,1609,250215.39
33156,1609,88214.63
33158,1609,835.97
33076,1609,0.0
33186,1609,404.0
33157,1609,21151.13
33189,1609,226.8
33004,1609,860.28
33024,1609,1062.77
33314,1609,838.8
33330,1609,128.28
33484,1609,0.0
33122,1609,0.0
33166,1609,15152.79
33172,1609,101569.99
33176,1609,1657.59
33178,1609,308692.93
33138,1609,109530.97
33150,1609,184955.24
33166,1609,0.0
33034,1609,8095.31
33034,1609,22527.26
33034,1609,426890.86
33035,1609,1228.22
33312,1609,490.54
33312,1609,647.47
33313,1609,0.0
33312,1609,46.8
33313,1609,664.83
33160,1609,31140.34
33170,1609,53597.88
33177,1609,1211.0
33009,1609,835.97
33010,1609,1802959.79
33012,1609,4320231.98
33013,1609,2505658.44
33014,1609,1517700.68
33015,1609,3537287.26
33016,1609,816533.05
33018,1609,1907210.45
33056,1609,1136.7
33184,1609,0.0
33018,1609,484.8
33016,1609,29593.68
33018,1609,475390.79
33018,1609,1877.78
33016,1609,10861.57
33018,1609,62082.53
33012,1609,835.97
33014,1609,0.0
32147,1609,0.0
33020,1609,6037.03
33021,1609,2443.01
33023,1609,1930.97
33024,1609,514.48
99002,1609,0.0
33023,1609,4187.93
33032,1609,0.0
33030,1609,1336247.3
33031,1609,676339.87
33032,1609,849467.32
33033,1609,1521842.25
33034,1609,364377.57
33035,1609,140455.99
33090,1609,0.0
33035,1609,0.0
33033,1609,0.0
33036,1609,0.0
33156,1609,0.0
33186,1609,4721.35
33193,1609,1142.77
33196,1609,922.68
33149,1609,105486.21
33037,1609,438.15
33040,1609,284.4
34743,1609,0.0
33111,1609,925.98
33351,1609,3530.87
33510,1609,3861.53
33030,1609,988.0
33033,1609,6074.96
33033,1609,226.8
33157,1609,0.0
33016,1609,2913.3
33018,1609,2969.41
33169,1609,0.0
33063,1609,6241.27
33166,1609,375362.15
33178,1609,481493.68
33162,1609,62.4
33186,1609,835.97
33178,1609,0.0
33193,1609,1823.2
33126,1609,0.0
33173,1609,310.52
33185,1609,1705.14
33169,1609,0.0
32147,1609,340.4
32441,1609,0.0
33010,1609,1228.8
33014,1609,0.0
33015,1609,26253.9
33016,1609,0.0
33018,1609,11099.96
33025,1609,7401.62
33027,1609,159.14
33030,1609,0.0
33031,1609,4516.27
33032,1609,1229.48
33033,1609,2070.97
33035,1609,0.0
33054,1609,5561.17
33055,1609,31870.99
33056,1609,27800.5
33102,1609,355.16
33105,1609,0.0
33107,1609,14175.43
33112,1609,2027.27
33116,1609,0.0
33122,1609,0.0
33124,1609,0.0
33125,1609,2021117.72
33126,1609,792306.07
33127,1609,1535741.09
33128,1609,16431.5
33129,1609,295793.79
33130,1609,69418.44
33131,1609,86895.71
33132,1609,288615.63
33133,1609,844134.47
33134,1609,221480.05
33135,1609,723994.36
33136,1609,245084.66
33137,1609,315008.1
33138,1609,1142700.92
33139,1609,56858.99
33140,1609,1032.84
33141,1609,7730.9
33142,1609,3453747.52
33143,1609,477418.39
33144,1609,995844.22
33145,1609,1278862.65
33146,1609,40849.72
33147,1609,5007465.46
33148,1609,8032.62
33149,1609,46465.94
33150,1609,2917890.33
33151,1609,2185.76
33152,1609,0.0
33155,1609,2731970.81
33156,1609,730424.85
33157,1609,1935625.45
33158,1609,7597.75
33159,1609,0.0
33160,1609,3841.54
33161,1609,947532.15
33162,1609,1003090.55
33163,1609,1062.77
33164,1609,18.04
33165,1609,4589143.55
33166,1609,130996.84
33167,1609,1387553.23
33168,1609,1550993.1
33169,1609,3888627.46
33170,1609,775937.39
33172,1609,1373549.3
33173,1609,1471817.47
33174,1609,1326508.13
33175,1609,3437350.95
33176,1609,2114673.74
33177,1609,1869881.76
33178,1609,40681.78
33179,1609,1931133.7
33180,1609,616967.46
33181,1609,336409.82
33182,1609,1065490.45
33183,1609,962271.67
33184,1609,2648649.65
33185,1609,837784.92
33186,1609,2266247.2
33187,1609,1733486.39
33188,1609,2869.4
33189,1609,838764.03
33190,1609,180903.05
33193,1609,1293033.52
33194,1609,100221.45
33195,1609,1734.58
33196,1609,872948.55
33198,1609,835.97
33231,1609,0.0
33233,1609,7644.8
33261,1609,0.0
33323,1609,4956.72
33405,1609,0.0
33162,1609,351.6
33169,1609,2744.13
33132,1609,503.81
33147,1609,278.2
33150,1609,3045.69
33179,1609,104.12
33165,1609,2389.57
33109,1609,1835.56
33139,1609,303154.9
33140,1609,838150.91
33141,1609,990073.59
33154,1609,4031.89
33160,1609,0.0
33162,1609,2016.47
33179,1609,0.0
33157,1609,107.93
33055,1609,0.0
33056,1609,5214.31
33055,1609,543.31
33015,1609,0.0
33054,1609,14379.78
33055,1609,25027.49
33056,1609,38602.0
33169,1609,1492.32
33179,1609,0.0
33056,1609,0.0
33056,1609,1348.62
33169,1609,0.0
33186,1609,0.0
33014,1609,741.0
33015,1609,0.0
33014,1609,393400.18
33015,1609,1171.43
33016,1609,146339.71
33018,1609,79741.65
33054,1609,0.0
33138,1609,2338.88
33138,1609,571051.7
33150,1609,179776.07
33161,1609,14911.13
33168,1609,77429.21
33166,1609,798668.34
33183,1609,212.56
33023,1609,222.3
33025,1609,2812.91
33029,1609,188.08
33029,1609,0.0
33023,1609,2775.63
33055,1609,0.0
33032,1609,72988.98
33141,1609,88584.46
33141,1609,3533.3
33185,1609,0.0
33162,1609,134.65
33179,1609,327.49
33180,1609,0.0
33161,1609,3983.61
33162,1609,1776.92
33168,1609,3389.72
33181,1609,0.0
33162,1609,3320.46
33160,1609,2604.02
33162,1609,528177.57
33169,1609,12500.87
33179,1609,115153.18
33180,1609,0.0
33181,1609,41420.27
33162,1609,343.98
33179,1609,540.31
33141,1609,3499.3
33141,1609,1732945.22
33179,1609,0.0
33015,1609,104.4
33161,1609,1441881.34
33162,1609,6087.75
33167,1609,343867.14
33168,1609,934005.99
33169,1609,0.0
33179,1609,1671.94
33180,1609,0.0
33181,1609,658980.57
33161,1609,0.0
33181,1609,0.0
33160,1609,299.4
33160,1609,188830.03
33161,1609,3532.86
33162,1609,1939871.5
33169,1609,34278.31
33179,1609,421964.86
33180,1609,7579.88
33181,1609,57177.03
33178,1609,0.0
34481,1609,0.0
34141,1609,745.32
34141,1609,0.0
33165,1609,4254.37
33175,1609,1433.22
33055,1609,512.32
33055,1609,0.0
33054,1609,2159.0
33055,1609,14330.63
33056,1609,2194.47
33054,1609,3229198.57
33055,1609,5537522.13
33056,1609,3962379.36
33179,1609,1618.51
33054,1609,2047.57
33055,1609,255.72
33056,1609,3471.19
33055,1609,1954.3
33176,1609,835.97
33157,1609,3174.99
33158,1609,835.97
33176,1609,1062.77
33015,1609,1971.96
33024,1609,3472.0
33029,1609,2089.8
33029,1609,1031.39
33157,1609,13592.11
33177,1609,336.52
33156,1609,121146.65
33156,1609,3115.92
33317,1609,0.0
33325,1609,21893.1
33064,1609,5413.75
33032,1609,107650.25
33177,1609,0.0
32353,1609,0.0
33031,1609,65195.42
33032,1609,5068.93
33176,1609,2081.04
33143,1609,463647.17
33146,1609,2262.9
33155,1609,5400.0
33160,1609,34863.97
33160,1609,41.6
33160,1609,206102.13
33154,1609,86347.98
33177,1609,0.0
33172,1609,3746.85
33174,1609,2912.25
33319,1609,0.0
33321,1609,0.0
33180,1609,0.0
33157,1609,521795.18
33158,1609,297050.91
33176,1609,26229.16
33166,1609,107491.83
33414,1609,835.97
33165,1609,3298.21
33144,1609,266137.74
33155,1609,965.25
33331,1609,869.66
33415,1609,517.45
33154,3560,0.0
33154,3560,932554.35
33154,3560,3193388.33
33176,4337,0.0
33160,4337,51707.7
33180,4337,68041.7
33154,4337,4863.3
33154,4337,499.5
33154,4337,0.0
33154,4337,0.0
33154,4337,31056.4
33161,4337,62202.4
33431,4337,0.0
33432,4337,0.0
33433,4337,0.0
33426,4337,499.5
33435,4337,0.0
34209,4337,0.0
33914,4337,0.0
33055,4337,3839.2
33056,4337,841.2
33440,4337,0.0
33133,4337,70702.0
33146,4337,0.0
33330,4337,499.5
33133,4337,214652.1
33134,4337,144915.9
33143,4337,24043.4
33144,4337,841.2
33145,4337,499.5
33146,4337,36426.4
33156,4337,39665.7
33158,4337,4162.5
33134,4337,0.0
33034,4337,0.0
33155,4337,0.0
33015,4337,25276.6
33186,4337,499.5
33189,4337,0.0
33189,4337,0.0
33189,4337,0.0
33145,4337,0.0
33157,4337,272091.3
33170,4337,0.0
33189,4337,421869.3
33190,4337,97985.8
33157,4337,499.5
33170,4337,499.5
33314,4337,499.5
32713,4337,0.0
33122,4337,2006.7
33126,4337,0.0
33166,4337,15046.9
33172,4337,12329.7
33178,4337,185960.2
33182,4337,0.0
33138,4337,27834.9
33150,4337,30592.2
33034,4337,0.0
33130,4337,0.0
33034,4337,525417.34
33035,4337,499.5
33305,4337,0.0
33312,4337,0.0
33315,4337,0.0
33334,4337,0.0
33172,4337,499.5
33147,4337,0.0
33143,4337,0.0
33155,4337,0.0
33160,4337,999.0
33054,4337,0.0
33161,4337,1682.4
33162,4337,1840.2
33168,4337,0.0
33169,4337,999.0
33181,4337,0.0
33170,4337,41068.0
33177,4337,1841.2
33189,4337,341.7
33018,4337,0.0
33015,4337,0.0
33009,4337,0.0
33009,4337,0.0
33010,4337,0.0
33018,4337,499.5
33013,4337,499.5
33014,4337,0.0
32018,4337,0.0
33018,4337,0.0
33012,4337,0.0
33018,4337,0.0
23010,4337,0.0
33010,4337,551674.1
33012,4337,1101301.9
33013,4337,665050.3
33014,4337,460572.2
33015,4337,552568.6
33016,4337,330515.7
33017,4337,0.0
33018,4337,422030.7
33135,4337,499.5
33018,4337,0.0
33015,4337,0.0
33014,4337,0.0
33018,4337,841.2
33015,4337,0.0
33016,4337,37894.2
33018,4337,474606.2
33016,4337,0.0
33016,4337,0.0
33018,4337,499.5
33014,4337,499.5
33016,4337,0.0
33023,4337,0.0
33024,4337,499.5
33312,4337,0.0
32032,4337,0.0
33033,4337,0.0
33033,4337,0.0
33032,4337,499.5
33032,4337,0.0
33032,4337,0.0
33030,4337,1070524.4
33031,4337,261131.5
33032,4337,1066153.0
33033,4337,1427845.1
33034,4337,360491.87
33035,4337,208038.1
33039,4337,999.0
33040,4337,499.5
33033,4337,499.5
33032,4337,0.0
77084,4337,0.0
33154,4337,0.0
33035,4337,2927.8
33179,4337,5450.4
33175,4337,499.5
33183,4337,0.0
33173,4337,0.0
33176,4337,1341.7
33183,4337,1000.0
33186,4337,0.0
33185,4337,0.0
33193,4337,341.7
33149,4337,167889.5
33809,4337,0.0
33461,4337,499.5
33463,4337,0.0
34639,4337,0.0
33309,4337,0.0
33976,4337,0.0
33030,4337,0.0
33033,4337,49291.0
33033,4337,499.5
33170,4337,0.0
33142,4337,0.0
33165,4337,0.0
33056,4337,0.0
33144,4337,0.0
34145,4337,0.0
33166,4337,109600.2
33178,4337,91104.9
33172,4337,0.0
33055,4337,1665.0
33125,4337,499.5
33127,4337,0.0
33131,4337,0.0
33147,4337,0.0
33162,4337,499.5
33165,4337,499.5
33177,4337,0.0
33196,4337,0.0
33055,4337,0.0
33143,4337,0.0
33144,4337,0.0
33157,4337,0.0
33175,4337,0.0
33185,4337,0.0
33193,4337,0.0
30056,4337,0.0
33010,4337,499.5
33012,4337,6159.5
33013,4337,1000.0
33014,4337,0.0
33015,4337,45366.5
33016,4337,0.0
33018,4337,999.0
33030,4337,0.0
33031,4337,0.0
33032,4337,1499.5
33033,4337,0.0
33054,4337,1340.7
33055,4337,36540.4
33056,4337,16505.9
33107,4337,0.0
33109,4337,0.0
33122,4337,841.2
33124,4337,0.0
33125,4337,895832.1
33126,4337,426041.8
33127,4337,653314.2
33128,4337,20270.2
33129,4337,141420.0
33130,4337,33808.0
33131,4337,9543.7
33132,4337,228888.55
33133,4337,1236277.5
33134,4337,179471.1
33135,4337,438582.77
33136,4337,160187.1
33137,4337,103666.5
33138,4337,413540.1
33139,4337,2840.2
33140,4337,2681.4
33141,4337,23263.5
33142,4337,1378435.4
33143,4337,230603.2
33144,4337,496334.7
33145,4337,527911.9
33146,4337,3997.0
33147,4337,1516292.1
33149,4337,17615.9
33150,4337,1135997.7
33154,4337,999.0
33155,4337,990641.4
33156,4337,163697.2
33157,4337,1267524.3
33158,4337,17493.5
33159,4337,0.0
33160,4337,3180.9
33161,4337,1020592.19
33162,4337,434657.3
33163,4337,499.5
33164,4337,0.0
33165,4337,1121249.3
33166,4337,36614.0
33167,4337,787909.7
33168,4337,747742.0
33169,4337,1008113.7
33170,4337,604498.6
33172,4337,633278.8
33173,4337,446101.5
33174,4337,456270.2
33175,4337,1154580.7
33176,4337,824906.0
33177,4337,1515632.6
33178,4337,20195.0
33179,4337,623775.9
33180,4337,73636.59
33181,4337,196334.0
33182,4337,280691.6
33183,4337,506297.2
33184,4337,701444.1
33185,4337,410582.8
33186,4337,948859.4
33187,4337,663941.4
33188,4337,841.2
33189,4337,276919.4
33190,4337,29527.7
33193,4337,590789.9
33194,4337,55222.2
33196,4337,735343.47
33247,4337,0.0
33257,4337,499.5
33265,4337,0.0
33272,4337,0.0
33317,4337,0.0
33713,4337,0.0
34126,4337,0.0
34194,4337,0.0
44176,4337,0.0
33140,4337,0.0
33141,4337,0.0
33181,4337,0.0
33109,4337,499.5
33132,4337,2927.8
33139,4337,54950.8
33140,4337,183892.6
33141,4337,288395.6
33154,4337,4179.9
33165,4337,0.0
33034,4337,341.7
33055,4337,0.0
33056,4337,0.0
33134,4337,0.0
33167,4337,0.0
33134,4337,0.0
33169,4337,0.0
33177,4337,0.0
33056,4337,0.0
33054,4337,0.0
34056,4337,0.0
33054,4337,0.0
33055,4337,0.0
33056,4337,499.5
33056,4337,0.0
33055,4337,1000.0
33056,4337,0.0
33014,4337,0.0
33015,4337,4163.5
33054,4337,433104.8
33055,4337,1389650.0
33056,4337,1533757.9
33057,4337,0.0
33065,4337,0.0
33169,4337,467209.7
33179,4337,8703.5
33054,4337,499.5
33014,4337,36976.1
33015,4337,499.5
33016,4337,88621.6
33018,4337,63016.6
33018,4337,0.0
33138,4337,120409.8
33150,4337,60041.6
33161,4337,5660.0
33168,4337,8677.4
33166,4337,0.0
33166,4337,0.0
33166,4337,144214.7
33175,4337,0.0
33139,4337,0.0
33056,4337,1341.7
33016,4337,0.0
33176,4337,0.0
33023,4337,999.0
33025,4337,499.5
33027,4337,499.5
33032,4337,0.0
32029,4337,0.0
33185,4337,0.0
34114,4337,0.0
34120,4337,0.0
33032,4337,93892.9
33162,4337,499.5
33179,4337,0.0
33162,4337,0.0
33167,4337,0.0
33181,4337,0.0
33160,4337,0.0
33162,4337,102803.4
33169,4337,3268.5
33179,4337,66174.5
33181,4337,999.0
33162,4337,0.0
33162,4337,0.0
33141,4337,0.0
33141,4337,129229.2
33141,4337,499.5
33162,4337,0.0
33903,4337,0.0
33168,4337,0.0
33161,4337,0.0
33160,4337,0.0
33161,4337,563844.7
33162,4337,8500.2
33167,4337,85432.1
33168,4337,206376.7
33169,4337,999.0
33179,4337,3024.1
33180,4337,499.5
33181,4337,94578.4
33132,4337,499.5
33160,4337,117675.7
33161,4337,0.0
33162,4337,589627.6
33169,4337,12319.0
33179,4337,63004.9
33180,4337,841.2
33181,4337,74841.7
33181,4337,841.2
33161,4337,0.0
33168,4337,0.0
33181,4337,0.0
33160,4337,0.0
33179,4337,0.0
33168,4337,0.0
33166,4337,0.0
34480,4337,0.0
33160,4337,0.0
33179,4337,4004.7
33180,4337,999.0
33155,4337,0.0
33165,4337,499.5
33054,4337,499.5
33054,4337,841.2
33055,4337,841.2
33054,4337,372431.4
33055,4337,484215.2
33056,4337,4181.9
33054,4337,413862.6
33055,4337,0.0
32822,4337,0.0
33157,4337,0.0
33157,4337,262510.4
33158,4337,59777.1
33176,4337,4497.5
33157,4337,1000.0
33015,4337,11840.2
33157,4337,0.0
33025,4337,499.5
33026,4337,0.0
33029,4337,0.0
33033,4337,0.0
33157,4337,0.0
33143,4337,0.0
33156,4337,45268.0
33167,4337,0.0
33168,4337,0.0
33032,4337,76077.8
33170,4337,0.0
33031,4337,1498.5
33032,4337,5660.0
33176,4337,0.0
33177,4337,0.0
32459,4337,0.0
34488,4337,10000.0
