avg_damage,count,historical_exposure
499.5,1,1
0.0,1,10
711.975,4,6
0.0,1,4
1461.8114285714287,7,7
26165.0425,4,2
0.0,1,3
1068957.3766666667,6,2
1855.3000000000002,2,4
72119.18809523809,21,2
278.6566666666667,3,7
148838.5,3,1
0.0,1,4
241307.63849999997,20,5
0.0,1,7
6308.09,1,9
1734.58,1,2
322108.49833333335,6,8
341565.21428571426,7,5
0.0,1,1
118533.245,4,4
5413.75,1,1
4956.72,1,2
0.0,1,10
0.0,1,1
105371.02478260869,23,3
44143.70125,8,7
6037.03,1,6
0.0,1,6
332.415,2,7
662744.2157142857,7,6
860.28,1,2
370.47,2,10
5428.82,2,9
3861.53,1,8
62576.31999999999,5,3
999.0,1,5
217880.393125,16,4
307535.36166666663,6,9
0.0,1,5
132487.31333333335,9,8
575058.4280000001,10,1
0.0,1,8
0.0,1,3
0.0,1,6
0.0,2,7
784907.1357142858,7,9
10000.0,1,4
0.0,1,4
9.02,2,6
31744.069545454546,22,4
254205.54636363636,11,3
128853.27750000001,12,5
6500.983333333334,3,7
781.135,2,1
0.0,1,4
3530.87,1,8
245929.202,5,5
115863.5375,4,6
149655.872,10,6
1117.94,1,10
0.0,1,9
355.16,1,1
531525.7066666667,6,4
0.0,2,7
0.0,1,5
70686.0007142857,14,4
242740.7066666667,9,8
471363.68624999997,8,4
0.0,1,6
0.0,1,7
0.0,1,4
3384.2,1,7
48628.587499999994,8,1
0.0,1,1
0.0,1,8
229194.2725,12,4
135985.1232,25,4
145305.40142857144,7,9
686.325,2,3
162979.85772727273,22,6
0.0,1,2
12233.9,3,5
0.0,1,9
42111.97222222222,9,3
0.0,1,7
499.5,1,7
661.854,5,4
329.32,2,3
235592.3661111111,18,2
0.0,1,1
2027.27,1,5
314904.5,8,6
0.0,1,10
0.0,1,5
461630.67999999993,4,2
0.0,1,2
357922.0342857143,14,4
4016.31,2,5
0.0,1,5
0.0,1,3
835.97,1,9
0.0,1,4
236.962,5,4
583.765,4,1
337499.4625,4,10
7644.8,1,1
1221.505,2,6
372.66,2,5
89308.27050000001,20,10
286452.98833333334,12,4
170.2,2,2
0.0,1,6
0.0,1,8
172186.26333333334,6,6
25440.975000000002,4,3
0.0,1,5
0.0,1,8
21893.1,1,10
198724.88777777777,9,10
59583.23666666667,6,6
0.0,1,1
462.99,2,3
438.15,1,5
301065.7763157895,19,6
0.0,1,2
517.45,1,8
669.15,2,9
0.0,1,2
0.0,1,6
273427.327,30,3
197234.70272727273,22,2
180991.58777777778,27,5
0.0,1,5
0.0,1,6
141457.62545454546,11,10
1387.1875,4,8
136972.70076923078,13,8
0.0,1,6
1054977.4514285715,7,7
237459.31799999997,5,9
851501.1475,4,4
231894.16545454544,11,8
610259.4349999999,4,3
0.0,1,6
77721.825,2,4
0.0,2,8
0.0,1,2
0.0,1,8
0.0,1,10
326434.91000000003,5,3
835.97,1,2
172730.71,14,10
